gene,stage_plot,average_expression,percent_expressing,term_group,go_id,also_in_other_term
Ar,cTEC,0.438597134750029,44.5378151260504,Estrogen_receptor_signaling,GO:0030520,TRUE
Ar,cTEC,0.438597134750029,44.5378151260504,Androgen_receptor_signaling,GO:0030521,TRUE
Ar,Ccl21a-high,0.27270452968642,35.7894736842105,Estrogen_receptor_signaling,GO:0030520,TRUE
Ar,Ccl21a-high,0.27270452968642,35.7894736842105,Androgen_receptor_signaling,GO:0030521,TRUE
Ar,TAC-TEC,0.179757242084548,33.4928229665072,Estrogen_receptor_signaling,GO:0030520,TRUE
Ar,TAC-TEC,0.179757242084548,33.4928229665072,Androgen_receptor_signaling,GO:0030521,TRUE
Ar,Aire-positive,0.155321277144729,25.1518833535844,Estrogen_receptor_signaling,GO:0030520,TRUE
Ar,Aire-positive,0.155321277144729,25.1518833535844,Androgen_receptor_signaling,GO:0030521,TRUE
Ar,Late-Aire,0.144527626574743,20.4841713221602,Estrogen_receptor_signaling,GO:0030520,TRUE
Ar,Late-Aire,0.144527626574743,20.4841713221602,Androgen_receptor_signaling,GO:0030521,TRUE
Ar,Tuft,0.0672811238590129,8,Estrogen_receptor_signaling,GO:0030520,TRUE
Ar,Tuft,0.0672811238590129,8,Androgen_receptor_signaling,GO:0030521,TRUE
Brca1,cTEC,0.0069135451603946,0.840336134453782,Estrogen_receptor_signaling,GO:0030520,FALSE
Brca1,Ccl21a-high,0.0105143229958466,2.10526315789474,Estrogen_receptor_signaling,GO:0030520,FALSE
Brca1,TAC-TEC,0.0727949908137525,16.9856459330144,Estrogen_receptor_signaling,GO:0030520,FALSE
Brca1,Aire-positive,0.021515340565299,3.88821385176185,Estrogen_receptor_signaling,GO:0030520,FALSE
Brca1,Late-Aire,0.00871132489199122,1.67597765363128,Estrogen_receptor_signaling,GO:0030520,FALSE
Brca1,Tuft,0,0,Estrogen_receptor_signaling,GO:0030520,FALSE
Carm1,cTEC,0.117392160458722,13.8655462184874,Estrogen_receptor_signaling,GO:0030520,FALSE
Carm1,Ccl21a-high,0.103003414953206,16.4912280701754,Estrogen_receptor_signaling,GO:0030520,FALSE
Carm1,TAC-TEC,0.123959489784169,28.2296650717703,Estrogen_receptor_signaling,GO:0030520,FALSE
Carm1,Aire-positive,0.0673533275450983,12.7582017010936,Estrogen_receptor_signaling,GO:0030520,FALSE
Carm1,Late-Aire,0.0551870638861004,9.49720670391061,Estrogen_receptor_signaling,GO:0030520,FALSE
Carm1,Tuft,0.108893069783383,14.6666666666667,Estrogen_receptor_signaling,GO:0030520,FALSE
Ccdc62,cTEC,0.0114579319546836,1.26050420168067,Estrogen_receptor_signaling,GO:0030520,FALSE
Ccdc62,Ccl21a-high,0.0371641053421959,6.66666666666667,Estrogen_receptor_signaling,GO:0030520,FALSE
Ccdc62,TAC-TEC,0.0335097070893278,7.89473684210526,Estrogen_receptor_signaling,GO:0030520,FALSE
Ccdc62,Aire-positive,0.0508816987205972,9.23450789793439,Estrogen_receptor_signaling,GO:0030520,FALSE
Ccdc62,Late-Aire,0.0444844895595925,7.82122905027933,Estrogen_receptor_signaling,GO:0030520,FALSE
Ccdc62,Tuft,0.0374560582269549,5.33333333333333,Estrogen_receptor_signaling,GO:0030520,FALSE
Cdk12,cTEC,0.248068880009119,27.3109243697479,Estrogen_receptor_signaling,GO:0030520,FALSE
Cdk12,Ccl21a-high,0.20873492319243,30.1754385964912,Estrogen_receptor_signaling,GO:0030520,FALSE
Cdk12,TAC-TEC,0.243365999193025,48.0861244019139,Estrogen_receptor_signaling,GO:0030520,FALSE
Cdk12,Aire-positive,0.259253641377058,40.3402187120292,Estrogen_receptor_signaling,GO:0030520,FALSE
Cdk12,Late-Aire,0.276177473573573,35.7541899441341,Estrogen_receptor_signaling,GO:0030520,FALSE
Cdk12,Tuft,0.356056431679995,38.6666666666667,Estrogen_receptor_signaling,GO:0030520,FALSE
Cnot1,cTEC,0.112971195201402,13.8655462184874,Estrogen_receptor_signaling,GO:0030520,FALSE
Cnot1,Ccl21a-high,0.162702981375134,24.9122807017544,Estrogen_receptor_signaling,GO:0030520,FALSE
Cnot1,TAC-TEC,0.182561809163958,37.0813397129187,Estrogen_receptor_signaling,GO:0030520,FALSE
Cnot1,Aire-positive,0.13835249732066,23.6938031591738,Estrogen_receptor_signaling,GO:0030520,FALSE
Cnot1,Late-Aire,0.203468790484454,28.1191806331471,Estrogen_receptor_signaling,GO:0030520,FALSE
Cnot1,Tuft,0.29744071505713,34.6666666666667,Estrogen_receptor_signaling,GO:0030520,FALSE
Cnot2,cTEC,0.270257820491117,28.9915966386555,Estrogen_receptor_signaling,GO:0030520,FALSE
Cnot2,Ccl21a-high,0.266931306412526,38.9473684210526,Estrogen_receptor_signaling,GO:0030520,FALSE
Cnot2,TAC-TEC,0.285714288081915,51.9138755980861,Estrogen_receptor_signaling,GO:0030520,FALSE
Cnot2,Aire-positive,0.192714463212512,34.3863912515188,Estrogen_receptor_signaling,GO:0030520,FALSE
Cnot2,Late-Aire,0.192154688123112,28.4916201117318,Estrogen_receptor_signaling,GO:0030520,FALSE
Cnot2,Tuft,0.199497600477689,30.6666666666667,Estrogen_receptor_signaling,GO:0030520,FALSE
Cst11,cTEC,0,0,Androgen_receptor_signaling,GO:0030521,FALSE
Cst11,Ccl21a-high,0,0,Androgen_receptor_signaling,GO:0030521,FALSE
Cst11,TAC-TEC,0.000762994560477031,0.239234449760766,Androgen_receptor_signaling,GO:0030521,FALSE
Cst11,Aire-positive,0.0188531227090818,1.21506682867558,Androgen_receptor_signaling,GO:0030521,FALSE
Cst11,Late-Aire,0.00137534738944842,0.37243947858473,Androgen_receptor_signaling,GO:0030521,FALSE
Cst11,Tuft,0,0,Androgen_receptor_signaling,GO:0030521,FALSE
Cyp7b1,cTEC,0.0913317587528626,9.2436974789916,Estrogen_receptor_signaling,GO:0030520,FALSE
Cyp7b1,Ccl21a-high,0.077295282398017,14.0350877192982,Estrogen_receptor_signaling,GO:0030520,FALSE
Cyp7b1,TAC-TEC,0.110339658459993,23.9234449760766,Estrogen_receptor_signaling,GO:0030520,FALSE
Cyp7b1,Aire-positive,0.0681091173282453,13.730255164034,Estrogen_receptor_signaling,GO:0030520,FALSE
Cyp7b1,Late-Aire,0.0602132411333516,9.49720670391061,Estrogen_receptor_signaling,GO:0030520,FALSE
Cyp7b1,Tuft,0.0877758405590136,10.6666666666667,Estrogen_receptor_signaling,GO:0030520,FALSE
Dab2,cTEC,0.117809034436589,12.6050420168067,Androgen_receptor_signaling,GO:0030521,FALSE
Dab2,Ccl21a-high,0.0277984337538724,4.21052631578947,Androgen_receptor_signaling,GO:0030521,FALSE
Dab2,TAC-TEC,0.000700306181563861,0.239234449760766,Androgen_receptor_signaling,GO:0030521,FALSE
Dab2,Aire-positive,0.00770842341066671,0.729040097205346,Androgen_receptor_signaling,GO:0030521,FALSE
Dab2,Late-Aire,0.00186392898237056,0.37243947858473,Androgen_receptor_signaling,GO:0030521,FALSE
Dab2,Tuft,0,0,Androgen_receptor_signaling,GO:0030521,FALSE
Daxx,cTEC,0.149596094771545,19.327731092437,Androgen_receptor_signaling,GO:0030521,FALSE
Daxx,Ccl21a-high,0.226865028474535,33.6842105263158,Androgen_receptor_signaling,GO:0030521,FALSE
Daxx,TAC-TEC,0.127172346246275,28.4688995215311,Androgen_receptor_signaling,GO:0030521,FALSE
Daxx,Aire-positive,0.124287435107359,22.3572296476306,Androgen_receptor_signaling,GO:0030521,FALSE
Daxx,Late-Aire,0.196851841050096,29.2364990689013,Androgen_receptor_signaling,GO:0030521,FALSE
Daxx,Tuft,0.126983462120646,18.6666666666667,Androgen_receptor_signaling,GO:0030521,FALSE
Ddrgk1,cTEC,0.44427003476801,46.218487394958,Estrogen_receptor_signaling,GO:0030520,FALSE
Ddrgk1,Ccl21a-high,0.392138624760705,48.7719298245614,Estrogen_receptor_signaling,GO:0030520,FALSE
Ddrgk1,TAC-TEC,0.404577587656898,61.7224880382775,Estrogen_receptor_signaling,GO:0030520,FALSE
Ddrgk1,Aire-positive,0.389812474031046,55.2855407047388,Estrogen_receptor_signaling,GO:0030520,FALSE
Ddrgk1,Late-Aire,0.471028517833772,54.0037243947858,Estrogen_receptor_signaling,GO:0030520,FALSE
Ddrgk1,Tuft,0.515471393282369,57.3333333333333,Estrogen_receptor_signaling,GO:0030520,FALSE
Ddx17,cTEC,0.439655279968396,44.9579831932773,Estrogen_receptor_signaling,GO:0030520,TRUE
Ddx17,cTEC,0.439655279968396,44.9579831932773,Androgen_receptor_signaling,GO:0030521,TRUE
Ddx17,Ccl21a-high,0.380465883962457,47.0175438596491,Estrogen_receptor_signaling,GO:0030520,TRUE
Ddx17,Ccl21a-high,0.380465883962457,47.0175438596491,Androgen_receptor_signaling,GO:0030521,TRUE
Ddx17,TAC-TEC,0.343823257962308,57.4162679425837,Estrogen_receptor_signaling,GO:0030520,TRUE
Ddx17,TAC-TEC,0.343823257962308,57.4162679425837,Androgen_receptor_signaling,GO:0030521,TRUE
Ddx17,Aire-positive,0.377017036515671,50.3037667071689,Estrogen_receptor_signaling,GO:0030520,TRUE
Ddx17,Aire-positive,0.377017036515671,50.3037667071689,Androgen_receptor_signaling,GO:0030521,TRUE
Ddx17,Late-Aire,0.483622838675901,55.3072625698324,Estrogen_receptor_signaling,GO:0030520,TRUE
Ddx17,Late-Aire,0.483622838675901,55.3072625698324,Androgen_receptor_signaling,GO:0030521,TRUE
Ddx17,Tuft,0.997355242995911,84,Estrogen_receptor_signaling,GO:0030520,TRUE
Ddx17,Tuft,0.997355242995911,84,Androgen_receptor_signaling,GO:0030521,TRUE
Ddx5,cTEC,1.72172354597532,93.2773109243697,Androgen_receptor_signaling,GO:0030521,TRUE
Ddx5,cTEC,1.72172354597532,93.2773109243697,Estrogen_receptor_signaling,GO:0030520,TRUE
Ddx5,Ccl21a-high,2.06859482937766,97.8947368421053,Androgen_receptor_signaling,GO:0030521,TRUE
Ddx5,Ccl21a-high,2.06859482937766,97.8947368421053,Estrogen_receptor_signaling,GO:0030520,TRUE
Ddx5,TAC-TEC,1.92565840080253,98.5645933014354,Androgen_receptor_signaling,GO:0030521,TRUE
Ddx5,TAC-TEC,1.92565840080253,98.5645933014354,Estrogen_receptor_signaling,GO:0030520,TRUE
Ddx5,Aire-positive,1.79003126320287,96.2332928311057,Androgen_receptor_signaling,GO:0030521,TRUE
Ddx5,Aire-positive,1.79003126320287,96.2332928311057,Estrogen_receptor_signaling,GO:0030520,TRUE
Ddx5,Late-Aire,1.95408421196021,97.3929236499069,Androgen_receptor_signaling,GO:0030521,TRUE
Ddx5,Late-Aire,1.95408421196021,97.3929236499069,Estrogen_receptor_signaling,GO:0030520,TRUE
Ddx5,Tuft,2.14951175768765,97.3333333333333,Androgen_receptor_signaling,GO:0030521,TRUE
Ddx5,Tuft,2.14951175768765,97.3333333333333,Estrogen_receptor_signaling,GO:0030520,TRUE
Ddx54,cTEC,0.191028792291224,23.109243697479,Estrogen_receptor_signaling,GO:0030520,FALSE
Ddx54,Ccl21a-high,0.294653259683613,41.4035087719298,Estrogen_receptor_signaling,GO:0030520,FALSE
Ddx54,TAC-TEC,0.334762747225772,57.8947368421053,Estrogen_receptor_signaling,GO:0030520,FALSE
Ddx54,Aire-positive,0.26729836728404,41.6767922235723,Estrogen_receptor_signaling,GO:0030520,FALSE
Ddx54,Late-Aire,0.310336511578184,42.0856610800745,Estrogen_receptor_signaling,GO:0030520,FALSE
Ddx54,Tuft,0.272379445689264,33.3333333333333,Estrogen_receptor_signaling,GO:0030520,FALSE
Defa17,cTEC,0,0,Estrogen_receptor_signaling,GO:0030520,FALSE
Defa17,Ccl21a-high,0,0,Estrogen_receptor_signaling,GO:0030520,FALSE
Defa17,TAC-TEC,0.00294634397917908,0.717703349282297,Estrogen_receptor_signaling,GO:0030520,FALSE
Defa17,Aire-positive,0.0105776115092093,0.607533414337789,Estrogen_receptor_signaling,GO:0030520,FALSE
Defa17,Late-Aire,0.00460219643845369,0.37243947858473,Estrogen_receptor_signaling,GO:0030520,FALSE
Defa17,Tuft,0,0,Estrogen_receptor_signaling,GO:0030520,FALSE
Defa23,cTEC,0,0,Estrogen_receptor_signaling,GO:0030520,FALSE
Defa23,Ccl21a-high,0,0,Estrogen_receptor_signaling,GO:0030520,FALSE
Defa23,TAC-TEC,0,0,Estrogen_receptor_signaling,GO:0030520,FALSE
Defa23,Aire-positive,0.00610504474689708,0.607533414337789,Estrogen_receptor_signaling,GO:0030520,FALSE
Defa23,Late-Aire,0,0,Estrogen_receptor_signaling,GO:0030520,FALSE
Defa23,Tuft,0,0,Estrogen_receptor_signaling,GO:0030520,FALSE
Defa3,cTEC,0,0,Estrogen_receptor_signaling,GO:0030520,FALSE
Defa3,Ccl21a-high,0,0,Estrogen_receptor_signaling,GO:0030520,FALSE
Defa3,TAC-TEC,0.00121572512515995,0.239234449760766,Estrogen_receptor_signaling,GO:0030520,FALSE
Defa3,Aire-positive,0.0105672960558004,0.729040097205346,Estrogen_receptor_signaling,GO:0030520,FALSE
Defa3,Late-Aire,0.00120892320167479,0.186219739292365,Estrogen_receptor_signaling,GO:0030520,FALSE
Defa3,Tuft,0,0,Estrogen_receptor_signaling,GO:0030520,FALSE
Egln2,cTEC,0.44269805583402,43.2773109243698,Estrogen_receptor_signaling,GO:0030520,FALSE
Egln2,Ccl21a-high,0.285255245732277,40,Estrogen_receptor_signaling,GO:0030520,FALSE
Egln2,TAC-TEC,0.22562941481942,42.1052631578947,Estrogen_receptor_signaling,GO:0030520,FALSE
Egln2,Aire-positive,0.175672587116338,30.7411907654921,Estrogen_receptor_signaling,GO:0030520,FALSE
Egln2,Late-Aire,0.222223035630803,31.098696461825,Estrogen_receptor_signaling,GO:0030520,FALSE
Egln2,Tuft,0.773291111618148,74.6666666666667,Estrogen_receptor_signaling,GO:0030520,FALSE
Ep300,cTEC,0.111080396837585,13.4453781512605,Androgen_receptor_signaling,GO:0030521,FALSE
Ep300,Ccl21a-high,0.0824662739181826,13.6842105263158,Androgen_receptor_signaling,GO:0030521,FALSE
Ep300,TAC-TEC,0.0887175893256922,19.8564593301435,Androgen_receptor_signaling,GO:0030521,FALSE
Ep300,Aire-positive,0.119325321157941,19.8055893074119,Androgen_receptor_signaling,GO:0030521,FALSE
Ep300,Late-Aire,0.193265225411139,26.8156424581006,Androgen_receptor_signaling,GO:0030521,FALSE
Ep300,Tuft,0.302614122682728,37.3333333333333,Androgen_receptor_signaling,GO:0030521,FALSE
Esr1,cTEC,0.0343858416487324,4.20168067226891,Estrogen_receptor_signaling,GO:0030520,FALSE
Esr1,Ccl21a-high,0.058470892602551,7.36842105263158,Estrogen_receptor_signaling,GO:0030520,FALSE
Esr1,TAC-TEC,0.0210751560096587,4.78468899521531,Estrogen_receptor_signaling,GO:0030520,FALSE
Esr1,Aire-positive,0.0277266420677502,4.86026731470231,Estrogen_receptor_signaling,GO:0030520,FALSE
Esr1,Late-Aire,0.0124800589944572,2.04841713221601,Estrogen_receptor_signaling,GO:0030520,FALSE
Esr1,Tuft,0.00664561377917412,1.33333333333333,Estrogen_receptor_signaling,GO:0030520,FALSE
Esr2,cTEC,0,0,Estrogen_receptor_signaling,GO:0030520,FALSE
Esr2,Ccl21a-high,0,0,Estrogen_receptor_signaling,GO:0030520,FALSE
Esr2,TAC-TEC,0,0,Estrogen_receptor_signaling,GO:0030520,FALSE
Esr2,Aire-positive,0.00960541999008933,1.33657351154313,Estrogen_receptor_signaling,GO:0030520,FALSE
Esr2,Late-Aire,0.000383812889145501,0.186219739292365,Estrogen_receptor_signaling,GO:0030520,FALSE
Esr2,Tuft,0,0,Estrogen_receptor_signaling,GO:0030520,FALSE
Fkbp4,cTEC,1.04499445783094,76.890756302521,Androgen_receptor_signaling,GO:0030521,FALSE
Fkbp4,Ccl21a-high,1.10774771127106,84.9122807017544,Androgen_receptor_signaling,GO:0030521,FALSE
Fkbp4,TAC-TEC,1.16056914285848,89.2344497607656,Androgen_receptor_signaling,GO:0030521,FALSE
Fkbp4,Aire-positive,0.359870525697218,47.6306196840826,Androgen_receptor_signaling,GO:0030521,FALSE
Fkbp4,Late-Aire,0.379025469897542,42.4581005586592,Androgen_receptor_signaling,GO:0030521,FALSE
Fkbp4,Tuft,0.694647759113296,66.6666666666667,Androgen_receptor_signaling,GO:0030521,FALSE
Foxa1,cTEC,0.0123298751206201,1.26050420168067,Estrogen_receptor_signaling,GO:0030520,FALSE
Foxa1,Ccl21a-high,0.0198266035200231,2.45614035087719,Estrogen_receptor_signaling,GO:0030520,FALSE
Foxa1,TAC-TEC,0.0454475489890339,9.56937799043062,Estrogen_receptor_signaling,GO:0030520,FALSE
Foxa1,Aire-positive,0.105997655233404,15.4313487241798,Estrogen_receptor_signaling,GO:0030520,FALSE
Foxa1,Late-Aire,0.175802136646685,20.2979515828678,Estrogen_receptor_signaling,GO:0030520,FALSE
Foxa1,Tuft,0.169294160165978,18.6666666666667,Estrogen_receptor_signaling,GO:0030520,FALSE
Foxp1,cTEC,0.401571589945915,42.0168067226891,Androgen_receptor_signaling,GO:0030521,FALSE
Foxp1,Ccl21a-high,0.385984428370845,46.6666666666667,Androgen_receptor_signaling,GO:0030521,FALSE
Foxp1,TAC-TEC,0.242699346062044,41.1483253588517,Androgen_receptor_signaling,GO:0030521,FALSE
Foxp1,Aire-positive,0.106421102819685,17.6184690157959,Androgen_receptor_signaling,GO:0030521,FALSE
Foxp1,Late-Aire,0.147639971466541,21.0428305400372,Androgen_receptor_signaling,GO:0030521,FALSE
Foxp1,Tuft,0.468118782300239,54.6666666666667,Androgen_receptor_signaling,GO:0030521,FALSE
Hdac1,cTEC,0.485710298686088,49.1596638655462,Estrogen_receptor_signaling,GO:0030520,TRUE
Hdac1,cTEC,0.485710298686088,49.1596638655462,Androgen_receptor_signaling,GO:0030521,TRUE
Hdac1,Ccl21a-high,0.43972395252046,53.6842105263158,Estrogen_receptor_signaling,GO:0030520,TRUE
Hdac1,Ccl21a-high,0.43972395252046,53.6842105263158,Androgen_receptor_signaling,GO:0030521,TRUE
Hdac1,TAC-TEC,0.527087406684194,70.0956937799043,Estrogen_receptor_signaling,GO:0030520,TRUE
Hdac1,TAC-TEC,0.527087406684194,70.0956937799043,Androgen_receptor_signaling,GO:0030521,TRUE
Hdac1,Aire-positive,0.366970627726637,49.6962332928311,Estrogen_receptor_signaling,GO:0030520,TRUE
Hdac1,Aire-positive,0.366970627726637,49.6962332928311,Androgen_receptor_signaling,GO:0030521,TRUE
Hdac1,Late-Aire,0.33002592232274,42.2718808193668,Estrogen_receptor_signaling,GO:0030520,TRUE
Hdac1,Late-Aire,0.33002592232274,42.2718808193668,Androgen_receptor_signaling,GO:0030521,TRUE
Hdac1,Tuft,0.440051751594024,50.6666666666667,Estrogen_receptor_signaling,GO:0030520,TRUE
Hdac1,Tuft,0.440051751594024,50.6666666666667,Androgen_receptor_signaling,GO:0030521,TRUE
Hdac2,cTEC,0.506552377752959,50.4201680672269,Estrogen_receptor_signaling,GO:0030520,FALSE
Hdac2,Ccl21a-high,0.651122024398341,68.4210526315789,Estrogen_receptor_signaling,GO:0030520,FALSE
Hdac2,TAC-TEC,0.982397665987618,87.0813397129187,Estrogen_receptor_signaling,GO:0030520,FALSE
Hdac2,Aire-positive,0.612016400275227,66.9501822600243,Estrogen_receptor_signaling,GO:0030520,FALSE
Hdac2,Late-Aire,0.489254770610343,54.3761638733706,Estrogen_receptor_signaling,GO:0030520,FALSE
Hdac2,Tuft,0.372804445460493,45.3333333333333,Estrogen_receptor_signaling,GO:0030520,FALSE
Hdac6,cTEC,0.0431443409225002,5.04201680672269,Estrogen_receptor_signaling,GO:0030520,TRUE
Hdac6,cTEC,0.0431443409225002,5.04201680672269,Androgen_receptor_signaling,GO:0030521,TRUE
Hdac6,Ccl21a-high,0.0219192106144465,4.56140350877193,Estrogen_receptor_signaling,GO:0030520,TRUE
Hdac6,Ccl21a-high,0.0219192106144465,4.56140350877193,Androgen_receptor_signaling,GO:0030521,TRUE
Hdac6,TAC-TEC,0.0339390567840277,9.80861244019139,Estrogen_receptor_signaling,GO:0030520,TRUE
Hdac6,TAC-TEC,0.0339390567840277,9.80861244019139,Androgen_receptor_signaling,GO:0030521,TRUE
Hdac6,Aire-positive,0.0277368377889146,4.98177399756987,Estrogen_receptor_signaling,GO:0030520,TRUE
Hdac6,Aire-positive,0.0277368377889146,4.98177399756987,Androgen_receptor_signaling,GO:0030521,TRUE
Hdac6,Late-Aire,0.00866479892446849,2.04841713221601,Estrogen_receptor_signaling,GO:0030520,TRUE
Hdac6,Late-Aire,0.00866479892446849,2.04841713221601,Androgen_receptor_signaling,GO:0030521,TRUE
Hdac6,Tuft,0.119402313326134,16,Estrogen_receptor_signaling,GO:0030520,TRUE
Hdac6,Tuft,0.119402313326134,16,Androgen_receptor_signaling,GO:0030521,TRUE
Heyl,cTEC,0.0376544306193259,4.20168067226891,Androgen_receptor_signaling,GO:0030521,FALSE
Heyl,Ccl21a-high,0.112649295872189,16.4912280701754,Androgen_receptor_signaling,GO:0030521,FALSE
Heyl,TAC-TEC,0.00962025349893443,1.91387559808612,Androgen_receptor_signaling,GO:0030521,FALSE
Heyl,Aire-positive,0.0226377344075633,3.52369380315917,Androgen_receptor_signaling,GO:0030521,FALSE
Heyl,Late-Aire,0.0386633838151183,5.02793296089385,Androgen_receptor_signaling,GO:0030521,FALSE
Heyl,Tuft,0.00871646034341781,1.33333333333333,Androgen_receptor_signaling,GO:0030521,FALSE
Igf1,cTEC,0.232668494719333,21.0084033613445,Androgen_receptor_signaling,GO:0030521,FALSE
Igf1,Ccl21a-high,0.131162430322197,17.1929824561404,Androgen_receptor_signaling,GO:0030521,FALSE
Igf1,TAC-TEC,0.171745499063733,25.1196172248804,Androgen_receptor_signaling,GO:0030521,FALSE
Igf1,Aire-positive,0.301238516508681,28.7970838396112,Androgen_receptor_signaling,GO:0030521,FALSE
Igf1,Late-Aire,0.911496199333578,49.5344506517691,Androgen_receptor_signaling,GO:0030521,FALSE
Igf1,Tuft,0.120850768030725,13.3333333333333,Androgen_receptor_signaling,GO:0030521,FALSE
Isl1,cTEC,0.709452374195511,59.6638655462185,Estrogen_receptor_signaling,GO:0030520,FALSE
Isl1,Ccl21a-high,0.40273623170054,48.4210526315789,Estrogen_receptor_signaling,GO:0030520,FALSE
Isl1,TAC-TEC,0.191064256694831,36.8421052631579,Estrogen_receptor_signaling,GO:0030520,FALSE
Isl1,Aire-positive,0.14474324878392,21.8712029161604,Estrogen_receptor_signaling,GO:0030520,FALSE
Isl1,Late-Aire,0.100860611924634,13.2216014897579,Estrogen_receptor_signaling,GO:0030520,FALSE
Isl1,Tuft,0.0220471357079749,2.66666666666667,Estrogen_receptor_signaling,GO:0030520,FALSE
Kank2,cTEC,0.129307126462783,15.1260504201681,Estrogen_receptor_signaling,GO:0030520,FALSE
Kank2,Ccl21a-high,0.0637842636554047,10.1754385964912,Estrogen_receptor_signaling,GO:0030520,FALSE
Kank2,TAC-TEC,0.0199493255807014,5.50239234449761,Estrogen_receptor_signaling,GO:0030520,FALSE
Kank2,Aire-positive,0.0243875775647201,4.73876063183475,Estrogen_receptor_signaling,GO:0030520,FALSE
Kank2,Late-Aire,0.0456619500265099,6.8901303538175,Estrogen_receptor_signaling,GO:0030520,FALSE
Kank2,Tuft,0.00877093152937343,1.33333333333333,Estrogen_receptor_signaling,GO:0030520,FALSE
Kdm1a,cTEC,0.168121948560637,19.7478991596639,Androgen_receptor_signaling,GO:0030521,FALSE
Kdm1a,Ccl21a-high,0.309860567080254,41.4035087719298,Androgen_receptor_signaling,GO:0030521,FALSE
Kdm1a,TAC-TEC,0.228065488573256,45.2153110047847,Androgen_receptor_signaling,GO:0030521,FALSE
Kdm1a,Aire-positive,0.193929487742557,33.5358444714459,Androgen_receptor_signaling,GO:0030521,FALSE
Kdm1a,Late-Aire,0.200223580109228,28.8640595903166,Androgen_receptor_signaling,GO:0030521,FALSE
Kdm1a,Tuft,0.40943291263232,48,Androgen_receptor_signaling,GO:0030521,FALSE
Kdm3a,cTEC,0.0659851746985241,7.56302521008403,Androgen_receptor_signaling,GO:0030521,FALSE
Kdm3a,Ccl21a-high,0.0593442557420967,10.8771929824561,Androgen_receptor_signaling,GO:0030521,FALSE
Kdm3a,TAC-TEC,0.0641442826558168,15.5502392344498,Androgen_receptor_signaling,GO:0030521,FALSE
Kdm3a,Aire-positive,0.0500018359619332,8.74848116646416,Androgen_receptor_signaling,GO:0030521,FALSE
Kdm3a,Late-Aire,0.100480562745637,15.4562383612663,Androgen_receptor_signaling,GO:0030521,FALSE
Kdm3a,Tuft,0.0741507909386813,10.6666666666667,Androgen_receptor_signaling,GO:0030521,FALSE
Kdm4c,cTEC,0.0631044004701517,7.56302521008403,Androgen_receptor_signaling,GO:0030521,FALSE
Kdm4c,Ccl21a-high,0.0342938012453166,6.66666666666667,Androgen_receptor_signaling,GO:0030521,FALSE
Kdm4c,TAC-TEC,0.0517167575208277,11.9617224880383,Androgen_receptor_signaling,GO:0030521,FALSE
Kdm4c,Aire-positive,0.0636727145452947,11.6646415552855,Androgen_receptor_signaling,GO:0030521,FALSE
Kdm4c,Late-Aire,0.0503943594274895,8.56610800744879,Androgen_receptor_signaling,GO:0030521,FALSE
Kdm4c,Tuft,0.0811705118269361,12,Androgen_receptor_signaling,GO:0030521,FALSE
Kdm5d,cTEC,0,0,Androgen_receptor_signaling,GO:0030521,FALSE
Kdm5d,Ccl21a-high,0,0,Androgen_receptor_signaling,GO:0030521,FALSE
Kdm5d,TAC-TEC,0,0,Androgen_receptor_signaling,GO:0030521,FALSE
Kdm5d,Aire-positive,0.00150784868662187,0.364520048602673,Androgen_receptor_signaling,GO:0030521,FALSE
Kdm5d,Late-Aire,0.00141936873284299,0.186219739292365,Androgen_receptor_signaling,GO:0030521,FALSE
Kdm5d,Tuft,0,0,Androgen_receptor_signaling,GO:0030521,FALSE
Kmt2d,cTEC,0.170046089834346,18.9075630252101,Estrogen_receptor_signaling,GO:0030520,FALSE
Kmt2d,Ccl21a-high,0.155505938055905,23.1578947368421,Estrogen_receptor_signaling,GO:0030520,FALSE
Kmt2d,TAC-TEC,0.11850073821685,23.444976076555,Estrogen_receptor_signaling,GO:0030520,FALSE
Kmt2d,Aire-positive,0.101959409363115,17.1324422843256,Estrogen_receptor_signaling,GO:0030520,FALSE
Kmt2d,Late-Aire,0.161921526227732,21.9739292364991,Estrogen_receptor_signaling,GO:0030520,FALSE
Kmt2d,Tuft,0.211120794595221,29.3333333333333,Estrogen_receptor_signaling,GO:0030520,FALSE
Lats1,cTEC,0.112386001275714,14.2857142857143,Estrogen_receptor_signaling,GO:0030520,FALSE
Lats1,Ccl21a-high,0.102517676261763,16.8421052631579,Estrogen_receptor_signaling,GO:0030520,FALSE
Lats1,TAC-TEC,0.0800447663782252,18.4210526315789,Estrogen_receptor_signaling,GO:0030520,FALSE
Lats1,Aire-positive,0.100494048575715,17.861482381531,Estrogen_receptor_signaling,GO:0030520,FALSE
Lats1,Late-Aire,0.112157756331046,17.3184357541899,Estrogen_receptor_signaling,GO:0030520,FALSE
Lats1,Tuft,0.212117108612934,26.6666666666667,Estrogen_receptor_signaling,GO:0030520,FALSE
Lbh,cTEC,0.174592726827817,21.0084033613445,Estrogen_receptor_signaling,GO:0030520,FALSE
Lbh,Ccl21a-high,0.602440819114775,61.0526315789474,Estrogen_receptor_signaling,GO:0030520,FALSE
Lbh,TAC-TEC,0.190182723260113,35.8851674641148,Estrogen_receptor_signaling,GO:0030520,FALSE
Lbh,Aire-positive,0.181311022972801,26.7314702308627,Estrogen_receptor_signaling,GO:0030520,FALSE
Lbh,Late-Aire,0.306530247166079,33.7057728119181,Estrogen_receptor_signaling,GO:0030520,FALSE
Lbh,Tuft,0.275775359333972,28,Estrogen_receptor_signaling,GO:0030520,FALSE
Med1,cTEC,0.149561051882957,18.4873949579832,Estrogen_receptor_signaling,GO:0030520,FALSE
Med1,Ccl21a-high,0.182339040677136,27.0175438596491,Estrogen_receptor_signaling,GO:0030520,FALSE
Med1,TAC-TEC,0.226017185343618,43.7799043062201,Estrogen_receptor_signaling,GO:0030520,FALSE
Med1,Aire-positive,0.159811793522583,28.1895504252734,Estrogen_receptor_signaling,GO:0030520,FALSE
Med1,Late-Aire,0.183393428396183,25.1396648044693,Estrogen_receptor_signaling,GO:0030520,FALSE
Med1,Tuft,0.220504335144721,30.6666666666667,Estrogen_receptor_signaling,GO:0030520,FALSE
Ncoa1,cTEC,0.156009372928238,18.0672268907563,Estrogen_receptor_signaling,GO:0030520,FALSE
Ncoa1,Ccl21a-high,0.0666266773997209,11.2280701754386,Estrogen_receptor_signaling,GO:0030520,FALSE
Ncoa1,TAC-TEC,0.0477629675837801,11.244019138756,Estrogen_receptor_signaling,GO:0030520,FALSE
Ncoa1,Aire-positive,0.0801987140706264,13.6087484811665,Estrogen_receptor_signaling,GO:0030520,FALSE
Ncoa1,Late-Aire,0.0968764399560456,16.0148975791434,Estrogen_receptor_signaling,GO:0030520,FALSE
Ncoa1,Tuft,0.218031708359406,29.3333333333333,Estrogen_receptor_signaling,GO:0030520,FALSE
Ncoa4,cTEC,0.00691934264786842,0.840336134453782,Estrogen_receptor_signaling,GO:0030520,FALSE
Ncoa4,Ccl21a-high,0.0133781584563789,2.45614035087719,Estrogen_receptor_signaling,GO:0030520,FALSE
Ncoa4,TAC-TEC,0.0260898583504059,6.69856459330144,Estrogen_receptor_signaling,GO:0030520,FALSE
Ncoa4,Aire-positive,0.0385822153700744,8.6269744835966,Estrogen_receptor_signaling,GO:0030520,FALSE
Ncoa4,Late-Aire,0.0413909926319243,7.26256983240224,Estrogen_receptor_signaling,GO:0030520,FALSE
Ncoa4,Tuft,0.0251018487379271,2.66666666666667,Estrogen_receptor_signaling,GO:0030520,FALSE
Ncor1,cTEC,0.684223910756689,62.6050420168067,Androgen_receptor_signaling,GO:0030521,FALSE
Ncor1,Ccl21a-high,0.589713316564724,64.9122807017544,Androgen_receptor_signaling,GO:0030521,FALSE
Ncor1,TAC-TEC,0.58667067757537,76.3157894736842,Androgen_receptor_signaling,GO:0030521,FALSE
Ncor1,Aire-positive,0.506054003896295,64.0340218712029,Androgen_receptor_signaling,GO:0030521,FALSE
Ncor1,Late-Aire,0.590164333400686,62.5698324022346,Androgen_receptor_signaling,GO:0030521,FALSE
Ncor1,Tuft,0.673193287311701,64,Androgen_receptor_signaling,GO:0030521,FALSE
Ncor2,cTEC,0.243974154958953,26.4705882352941,Androgen_receptor_signaling,GO:0030521,FALSE
Ncor2,Ccl21a-high,0.277089234651178,37.5438596491228,Androgen_receptor_signaling,GO:0030521,FALSE
Ncor2,TAC-TEC,0.16380794310323,35.6459330143541,Androgen_receptor_signaling,GO:0030521,FALSE
Ncor2,Aire-positive,0.173019477523942,29.7691373025516,Androgen_receptor_signaling,GO:0030521,FALSE
Ncor2,Late-Aire,0.23700060605938,33.3333333333333,Androgen_receptor_signaling,GO:0030521,FALSE
Ncor2,Tuft,0.166840748673578,21.3333333333333,Androgen_receptor_signaling,GO:0030521,FALSE
Nkx3-1,cTEC,0,0,Androgen_receptor_signaling,GO:0030521,FALSE
Nkx3-1,Ccl21a-high,0.00121733188301488,0.350877192982456,Androgen_receptor_signaling,GO:0030521,FALSE
Nkx3-1,TAC-TEC,0.01121572347517,3.11004784688995,Androgen_receptor_signaling,GO:0030521,FALSE
Nkx3-1,Aire-positive,0.0376571176108491,5.71081409477521,Androgen_receptor_signaling,GO:0030521,FALSE
Nkx3-1,Late-Aire,0.0180184292410957,2.79329608938547,Androgen_receptor_signaling,GO:0030521,FALSE
Nkx3-1,Tuft,0,0,Androgen_receptor_signaling,GO:0030521,FALSE
Nodal,cTEC,0,0,Androgen_receptor_signaling,GO:0030521,FALSE
Nodal,Ccl21a-high,0,0,Androgen_receptor_signaling,GO:0030521,FALSE
Nodal,TAC-TEC,0,0,Androgen_receptor_signaling,GO:0030521,FALSE
Nodal,Aire-positive,0.00314614328148844,0.243013365735115,Androgen_receptor_signaling,GO:0030521,FALSE
Nodal,Late-Aire,0.00650404843900008,0.74487895716946,Androgen_receptor_signaling,GO:0030521,FALSE
Nodal,Tuft,0,0,Androgen_receptor_signaling,GO:0030521,FALSE
Padi2,cTEC,0,0,Estrogen_receptor_signaling,GO:0030520,FALSE
Padi2,Ccl21a-high,0,0,Estrogen_receptor_signaling,GO:0030520,FALSE
Padi2,TAC-TEC,0.00501887911846158,1.19617224880383,Estrogen_receptor_signaling,GO:0030520,FALSE
Padi2,Aire-positive,0.0497767706762295,5.4678007290401,Estrogen_receptor_signaling,GO:0030520,FALSE
Padi2,Late-Aire,0.0280382343608589,3.7243947858473,Estrogen_receptor_signaling,GO:0030520,FALSE
Padi2,Tuft,0,0,Estrogen_receptor_signaling,GO:0030520,FALSE
Pagr1a,cTEC,0.00635010407401268,0.840336134453782,Estrogen_receptor_signaling,GO:0030520,FALSE
Pagr1a,Ccl21a-high,0.00450044533458241,0.701754385964912,Estrogen_receptor_signaling,GO:0030520,FALSE
Pagr1a,TAC-TEC,0.00777846433927522,2.63157894736842,Estrogen_receptor_signaling,GO:0030520,FALSE
Pagr1a,Aire-positive,0.00496389935916285,1.33657351154313,Estrogen_receptor_signaling,GO:0030520,FALSE
Pagr1a,Late-Aire,0.0170308807726765,2.79329608938547,Estrogen_receptor_signaling,GO:0030520,FALSE
Pagr1a,Tuft,0.00827748614956888,1.33333333333333,Estrogen_receptor_signaling,GO:0030520,FALSE
Pak1,cTEC,0.0542039612652566,7.14285714285714,Estrogen_receptor_signaling,GO:0030520,FALSE
Pak1,Ccl21a-high,0.160201040755432,23.859649122807,Estrogen_receptor_signaling,GO:0030520,FALSE
Pak1,TAC-TEC,0.0752668713377534,16.7464114832536,Estrogen_receptor_signaling,GO:0030520,FALSE
Pak1,Aire-positive,0.0512988324752954,8.26245443499393,Estrogen_receptor_signaling,GO:0030520,FALSE
Pak1,Late-Aire,0.170387813995752,21.9739292364991,Estrogen_receptor_signaling,GO:0030520,FALSE
Pak1,Tuft,0.0659798057471192,10.6666666666667,Estrogen_receptor_signaling,GO:0030520,FALSE
Park7,cTEC,1.46008497676674,90.3361344537815,Androgen_receptor_signaling,GO:0030521,FALSE
Park7,Ccl21a-high,1.2552525444603,92.280701754386,Androgen_receptor_signaling,GO:0030521,FALSE
Park7,TAC-TEC,1.36233700885198,94.0191387559809,Androgen_receptor_signaling,GO:0030521,FALSE
Park7,Aire-positive,1.04793847861349,86.0267314702309,Androgen_receptor_signaling,GO:0030521,FALSE
Park7,Late-Aire,0.902091476655033,77.0949720670391,Androgen_receptor_signaling,GO:0030521,FALSE
Park7,Tuft,1.01605930004376,77.3333333333333,Androgen_receptor_signaling,GO:0030521,FALSE
Parp1,cTEC,0.116524518724349,13.8655462184874,Estrogen_receptor_signaling,GO:0030520,FALSE
Parp1,Ccl21a-high,0.104559947945834,18.5964912280702,Estrogen_receptor_signaling,GO:0030520,FALSE
Parp1,TAC-TEC,0.293793727772294,52.1531100478469,Estrogen_receptor_signaling,GO:0030520,FALSE
Parp1,Aire-positive,0.132468013920275,23.4507897934386,Estrogen_receptor_signaling,GO:0030520,FALSE
Parp1,Late-Aire,0.126680251347379,17.3184357541899,Estrogen_receptor_signaling,GO:0030520,FALSE
Parp1,Tuft,0.150811482540454,20,Estrogen_receptor_signaling,GO:0030520,FALSE
Phb,cTEC,0.47032690477097,45.7983193277311,Androgen_receptor_signaling,GO:0030521,FALSE
Phb,Ccl21a-high,0.454574083357367,57.1929824561403,Androgen_receptor_signaling,GO:0030521,FALSE
Phb,TAC-TEC,0.557508744135519,72.9665071770335,Androgen_receptor_signaling,GO:0030521,FALSE
Phb,Aire-positive,0.308590002800503,45.8080194410693,Androgen_receptor_signaling,GO:0030521,FALSE
Phb,Late-Aire,0.253231692918969,35.5679702048417,Androgen_receptor_signaling,GO:0030521,FALSE
Phb,Tuft,0.242290473197355,32,Androgen_receptor_signaling,GO:0030521,FALSE
Phb2,cTEC,0.790002862959606,68.4873949579832,Estrogen_receptor_signaling,GO:0030520,FALSE
Phb2,Ccl21a-high,0.842485922252277,76.8421052631579,Estrogen_receptor_signaling,GO:0030520,FALSE
Phb2,TAC-TEC,1.02612117675686,88.2775119617225,Estrogen_receptor_signaling,GO:0030520,FALSE
Phb2,Aire-positive,0.58414308131626,68.6512758201701,Estrogen_receptor_signaling,GO:0030520,FALSE
Phb2,Late-Aire,0.485629431112789,55.8659217877095,Estrogen_receptor_signaling,GO:0030520,FALSE
Phb2,Tuft,0.853797119296814,72,Estrogen_receptor_signaling,GO:0030520,FALSE
Pias2,cTEC,0.064163211110161,7.14285714285714,Androgen_receptor_signaling,GO:0030521,FALSE
Pias2,Ccl21a-high,0.0908302613636487,14.3859649122807,Androgen_receptor_signaling,GO:0030521,FALSE
Pias2,TAC-TEC,0.0912444106524197,23.6842105263158,Androgen_receptor_signaling,GO:0030521,FALSE
Pias2,Aire-positive,0.0776144147139865,14.823815309842,Androgen_receptor_signaling,GO:0030521,FALSE
Pias2,Late-Aire,0.0832024249644426,12.8491620111732,Androgen_receptor_signaling,GO:0030521,FALSE
Pias2,Tuft,0.11343966356037,16,Androgen_receptor_signaling,GO:0030521,FALSE
Pkn1,cTEC,0.0593486797805918,7.56302521008403,Androgen_receptor_signaling,GO:0030521,FALSE
Pkn1,Ccl21a-high,0.098958844213067,16.4912280701754,Androgen_receptor_signaling,GO:0030521,FALSE
Pkn1,TAC-TEC,0.180021447684818,38.0382775119617,Androgen_receptor_signaling,GO:0030521,FALSE
Pkn1,Aire-positive,0.110928517274507,20.7776427703524,Androgen_receptor_signaling,GO:0030521,FALSE
Pkn1,Late-Aire,0.105544917287018,16.3873370577281,Androgen_receptor_signaling,GO:0030521,FALSE
Pkn1,Tuft,0.265687926034182,34.6666666666667,Androgen_receptor_signaling,GO:0030521,FALSE
Plpp1,cTEC,0.398762625483554,40.3361344537815,Androgen_receptor_signaling,GO:0030521,FALSE
Plpp1,Ccl21a-high,0.357298020888981,44.5614035087719,Androgen_receptor_signaling,GO:0030521,FALSE
Plpp1,TAC-TEC,0.106446764477868,23.2057416267943,Androgen_receptor_signaling,GO:0030521,FALSE
Plpp1,Aire-positive,0.0888055962205786,13.3657351154313,Androgen_receptor_signaling,GO:0030521,FALSE
Plpp1,Late-Aire,0.267203807347686,29.9813780260708,Androgen_receptor_signaling,GO:0030521,FALSE
Plpp1,Tuft,0.116532536252543,18.6666666666667,Androgen_receptor_signaling,GO:0030521,FALSE
Pmepa1,cTEC,0.0516357250116257,6.30252100840336,Androgen_receptor_signaling,GO:0030521,FALSE
Pmepa1,Ccl21a-high,0.169917546579324,21.4035087719298,Androgen_receptor_signaling,GO:0030521,FALSE
Pmepa1,TAC-TEC,0.0983799837254816,18.8995215311005,Androgen_receptor_signaling,GO:0030521,FALSE
Pmepa1,Aire-positive,0.100811144154457,16.2818955042527,Androgen_receptor_signaling,GO:0030521,FALSE
Pmepa1,Late-Aire,0.182571918921959,23.2774674115456,Androgen_receptor_signaling,GO:0030521,FALSE
Pmepa1,Tuft,0.0275831187937184,4,Androgen_receptor_signaling,GO:0030521,FALSE
Pou4f2,cTEC,0,0,Estrogen_receptor_signaling,GO:0030520,FALSE
Pou4f2,Ccl21a-high,0,0,Estrogen_receptor_signaling,GO:0030520,FALSE
Pou4f2,TAC-TEC,0,0,Estrogen_receptor_signaling,GO:0030520,FALSE
Pou4f2,Aire-positive,0.00142621473359034,0.364520048602673,Estrogen_receptor_signaling,GO:0030520,FALSE
Pou4f2,Late-Aire,0,0,Estrogen_receptor_signaling,GO:0030520,FALSE
Pou4f2,Tuft,0,0,Estrogen_receptor_signaling,GO:0030520,FALSE
Ppargc1b,cTEC,0.0340443106567835,4.20168067226891,Estrogen_receptor_signaling,GO:0030520,FALSE
Ppargc1b,Ccl21a-high,0.0399746216890756,7.01754385964912,Estrogen_receptor_signaling,GO:0030520,FALSE
Ppargc1b,TAC-TEC,0.0390056359624234,8.37320574162679,Estrogen_receptor_signaling,GO:0030520,FALSE
Ppargc1b,Aire-positive,0.0206295163120517,3.64520048602673,Estrogen_receptor_signaling,GO:0030520,FALSE
Ppargc1b,Late-Aire,0.0852081655176727,12.2905027932961,Estrogen_receptor_signaling,GO:0030520,FALSE
Ppargc1b,Tuft,0.040852716523437,6.66666666666667,Estrogen_receptor_signaling,GO:0030520,FALSE
Prmt2,cTEC,0.216162427977023,26.4705882352941,Androgen_receptor_signaling,GO:0030521,FALSE
Prmt2,Ccl21a-high,0.188985165969304,27.719298245614,Androgen_receptor_signaling,GO:0030521,FALSE
Prmt2,TAC-TEC,0.129672261236031,28.9473684210526,Androgen_receptor_signaling,GO:0030521,FALSE
Prmt2,Aire-positive,0.139047702602429,25.1518833535844,Androgen_receptor_signaling,GO:0030521,FALSE
Prmt2,Late-Aire,0.155138808019967,22.5325884543762,Androgen_receptor_signaling,GO:0030521,FALSE
Prmt2,Tuft,0.254686792014709,33.3333333333333,Androgen_receptor_signaling,GO:0030521,FALSE
Rbfox2,cTEC,0.259141001487935,28.1512605042017,Estrogen_receptor_signaling,GO:0030520,FALSE
Rbfox2,Ccl21a-high,0.232802029656026,34.0350877192982,Estrogen_receptor_signaling,GO:0030520,FALSE
Rbfox2,TAC-TEC,0.177130577084348,36.3636363636364,Estrogen_receptor_signaling,GO:0030520,FALSE
Rbfox2,Aire-positive,0.107106342445649,18.2260024301337,Estrogen_receptor_signaling,GO:0030520,FALSE
Rbfox2,Late-Aire,0.157889088594776,23.0912476722533,Estrogen_receptor_signaling,GO:0030520,FALSE
Rbfox2,Tuft,0.202615182826325,26.6666666666667,Estrogen_receptor_signaling,GO:0030520,FALSE
Rhoa,cTEC,1.28945912366564,86.1344537815126,Androgen_receptor_signaling,GO:0030521,FALSE
Rhoa,Ccl21a-high,1.24860734487251,89.8245614035088,Androgen_receptor_signaling,GO:0030521,FALSE
Rhoa,TAC-TEC,1.22835452433123,96.1722488038278,Androgen_receptor_signaling,GO:0030521,FALSE
Rhoa,Aire-positive,1.07267025379735,87.2417982989064,Androgen_receptor_signaling,GO:0030521,FALSE
Rhoa,Late-Aire,1.23478477296738,86.219739292365,Androgen_receptor_signaling,GO:0030521,FALSE
Rhoa,Tuft,1.30182751127943,89.3333333333333,Androgen_receptor_signaling,GO:0030521,FALSE
Rnf14,cTEC,0.165696718811552,19.327731092437,Androgen_receptor_signaling,GO:0030521,FALSE
Rnf14,Ccl21a-high,0.175477079608796,26.6666666666667,Androgen_receptor_signaling,GO:0030521,FALSE
Rnf14,TAC-TEC,0.305286582515672,55.9808612440191,Androgen_receptor_signaling,GO:0030521,FALSE
Rnf14,Aire-positive,0.279473923350585,42.8918590522479,Androgen_receptor_signaling,GO:0030521,FALSE
Rnf14,Late-Aire,0.310153320272999,40.2234636871508,Androgen_receptor_signaling,GO:0030521,FALSE
Rnf14,Tuft,0.320611064208083,42.6666666666667,Androgen_receptor_signaling,GO:0030521,FALSE
Rnf6,cTEC,0.274587920507509,30.672268907563,Androgen_receptor_signaling,GO:0030521,FALSE
Rnf6,Ccl21a-high,0.337745709633665,44.9122807017544,Androgen_receptor_signaling,GO:0030521,FALSE
Rnf6,TAC-TEC,0.308460243591917,54.3062200956938,Androgen_receptor_signaling,GO:0030521,FALSE
Rnf6,Aire-positive,0.384814858298696,54.3134872417983,Androgen_receptor_signaling,GO:0030521,FALSE
Rnf6,Late-Aire,0.322102245491388,39.4785847299814,Androgen_receptor_signaling,GO:0030521,FALSE
Rnf6,Tuft,0.327232261642589,42.6666666666667,Androgen_receptor_signaling,GO:0030521,FALSE
Rwdd1,cTEC,0.516528952658557,51.2605042016807,Androgen_receptor_signaling,GO:0030521,FALSE
Rwdd1,Ccl21a-high,0.591845534305107,64.5614035087719,Androgen_receptor_signaling,GO:0030521,FALSE
Rwdd1,TAC-TEC,0.739171856851235,81.5789473684211,Androgen_receptor_signaling,GO:0030521,FALSE
Rwdd1,Aire-positive,0.603791082126165,69.6233292831106,Androgen_receptor_signaling,GO:0030521,FALSE
Rwdd1,Late-Aire,0.460215904361718,53.8175046554935,Androgen_receptor_signaling,GO:0030521,FALSE
Rwdd1,Tuft,0.535143154295657,65.3333333333333,Androgen_receptor_signaling,GO:0030521,FALSE
Safb,cTEC,0.303127616380288,34.0336134453782,Estrogen_receptor_signaling,GO:0030520,FALSE
Safb,Ccl21a-high,0.323172330799198,40.7017543859649,Estrogen_receptor_signaling,GO:0030520,FALSE
Safb,TAC-TEC,0.35246574530389,61.244019138756,Estrogen_receptor_signaling,GO:0030520,FALSE
Safb,Aire-positive,0.270206244882276,42.6488456865128,Estrogen_receptor_signaling,GO:0030520,FALSE
Safb,Late-Aire,0.302777558006142,39.292364990689,Estrogen_receptor_signaling,GO:0030520,FALSE
Safb,Tuft,0.320752198758295,41.3333333333333,Estrogen_receptor_signaling,GO:0030520,FALSE
Safb2,cTEC,0.257788825536059,28.5714285714286,Androgen_receptor_signaling,GO:0030521,FALSE
Safb2,Ccl21a-high,0.267550757936236,38.2456140350877,Androgen_receptor_signaling,GO:0030521,FALSE
Safb2,TAC-TEC,0.308086246505198,55.9808612440191,Androgen_receptor_signaling,GO:0030521,FALSE
Safb2,Aire-positive,0.319616006136776,45.5650060753341,Androgen_receptor_signaling,GO:0030521,FALSE
Safb2,Late-Aire,0.338602348401567,43.2029795158287,Androgen_receptor_signaling,GO:0030521,FALSE
Safb2,Tuft,0.441374952521675,50.6666666666667,Androgen_receptor_signaling,GO:0030521,FALSE
Scgb2a2,cTEC,0,0,Androgen_receptor_signaling,GO:0030521,FALSE
Scgb2a2,Ccl21a-high,0,0,Androgen_receptor_signaling,GO:0030521,FALSE
Scgb2a2,TAC-TEC,0,0,Androgen_receptor_signaling,GO:0030521,FALSE
Scgb2a2,Aire-positive,0.0176402302500113,1.70109356014581,Androgen_receptor_signaling,GO:0030521,FALSE
Scgb2a2,Late-Aire,0.00330707896526173,0.74487895716946,Androgen_receptor_signaling,GO:0030521,FALSE
Scgb2a2,Tuft,0.00688324958476804,1.33333333333333,Androgen_receptor_signaling,GO:0030521,FALSE
Sfrp1,cTEC,0.511576215491032,40.3361344537815,Androgen_receptor_signaling,GO:0030521,FALSE
Sfrp1,Ccl21a-high,1.10550568211153,82.4561403508772,Androgen_receptor_signaling,GO:0030521,FALSE
Sfrp1,TAC-TEC,0.814239561906623,84.688995215311,Androgen_receptor_signaling,GO:0030521,FALSE
Sfrp1,Aire-positive,0.513747395726553,58.6877278250304,Androgen_receptor_signaling,GO:0030521,FALSE
Sfrp1,Late-Aire,0.48977106838772,47.6722532588454,Androgen_receptor_signaling,GO:0030521,FALSE
Sfrp1,Tuft,0.136105471326254,18.6666666666667,Androgen_receptor_signaling,GO:0030521,FALSE
Shq1,cTEC,0.0464277649758226,6.30252100840336,Androgen_receptor_signaling,GO:0030521,FALSE
Shq1,Ccl21a-high,0.0484581102273197,8.42105263157895,Androgen_receptor_signaling,GO:0030521,FALSE
Shq1,TAC-TEC,0.0472906011558846,12.9186602870813,Androgen_receptor_signaling,GO:0030521,FALSE
Shq1,Aire-positive,0.0379652037158973,6.80437424058323,Androgen_receptor_signaling,GO:0030521,FALSE
Shq1,Late-Aire,0.0245218534375108,4.28305400372439,Androgen_receptor_signaling,GO:0030521,FALSE
Shq1,Tuft,0.00357559869538432,1.33333333333333,Androgen_receptor_signaling,GO:0030521,FALSE
Sirt1,cTEC,0.0721869182567095,7.98319327731092,Androgen_receptor_signaling,GO:0030521,FALSE
Sirt1,Ccl21a-high,0.119747815706888,17.5438596491228,Androgen_receptor_signaling,GO:0030521,FALSE
Sirt1,TAC-TEC,0.28964019345248,46.1722488038278,Androgen_receptor_signaling,GO:0030521,FALSE
Sirt1,Aire-positive,0.777396118234434,72.7825030376671,Androgen_receptor_signaling,GO:0030521,FALSE
Sirt1,Late-Aire,0.633752298498221,52.1415270018622,Androgen_receptor_signaling,GO:0030521,FALSE
Sirt1,Tuft,0.189113109045959,24,Androgen_receptor_signaling,GO:0030521,FALSE
Skp2,cTEC,0.0159545397827933,2.10084033613445,Estrogen_receptor_signaling,GO:0030520,FALSE
Skp2,Ccl21a-high,0.0396306923900602,7.01754385964912,Estrogen_receptor_signaling,GO:0030520,FALSE
Skp2,TAC-TEC,0.0976617308228506,22.488038277512,Estrogen_receptor_signaling,GO:0030520,FALSE
Skp2,Aire-positive,0.0254011695542547,4.37424058323208,Estrogen_receptor_signaling,GO:0030520,FALSE
Skp2,Late-Aire,0.0182529179710926,3.1657355679702,Estrogen_receptor_signaling,GO:0030520,FALSE
Skp2,Tuft,0.0111030197472407,2.66666666666667,Estrogen_receptor_signaling,GO:0030520,FALSE
Smarca4,cTEC,0.305949639373264,33.1932773109244,Androgen_receptor_signaling,GO:0030521,FALSE
Smarca4,Ccl21a-high,0.380452632392821,47.0175438596491,Androgen_receptor_signaling,GO:0030521,FALSE
Smarca4,TAC-TEC,0.468395953412299,67.9425837320574,Androgen_receptor_signaling,GO:0030521,FALSE
Smarca4,Aire-positive,0.357052313957033,51.0328068043742,Androgen_receptor_signaling,GO:0030521,FALSE
Smarca4,Late-Aire,0.468035448210392,53.4450651769088,Androgen_receptor_signaling,GO:0030521,FALSE
Smarca4,Tuft,0.448977268054841,50.6666666666667,Androgen_receptor_signaling,GO:0030521,FALSE
Src,cTEC,0.262930406774387,29.8319327731092,Estrogen_receptor_signaling,GO:0030520,FALSE
Src,Ccl21a-high,0.266358915656492,35.0877192982456,Estrogen_receptor_signaling,GO:0030520,FALSE
Src,TAC-TEC,0.24329400903213,45.2153110047847,Estrogen_receptor_signaling,GO:0030520,FALSE
Src,Aire-positive,0.239473293261519,39.3681652490887,Estrogen_receptor_signaling,GO:0030520,FALSE
Src,Late-Aire,0.309787140352598,39.292364990689,Estrogen_receptor_signaling,GO:0030520,FALSE
Src,Tuft,0.185154028085192,24,Estrogen_receptor_signaling,GO:0030520,FALSE
Strn3,cTEC,0.328104647863705,32.7731092436975,Estrogen_receptor_signaling,GO:0030520,FALSE
Strn3,Ccl21a-high,0.31772155709253,40.7017543859649,Estrogen_receptor_signaling,GO:0030520,FALSE
Strn3,TAC-TEC,0.261581377987878,49.2822966507177,Estrogen_receptor_signaling,GO:0030520,FALSE
Strn3,Aire-positive,0.248818324124578,39.1251518833536,Estrogen_receptor_signaling,GO:0030520,FALSE
Strn3,Late-Aire,0.223849792801839,32.0297951582868,Estrogen_receptor_signaling,GO:0030520,FALSE
Strn3,Tuft,0.447584507197444,48,Estrogen_receptor_signaling,GO:0030520,FALSE
Tada3,cTEC,0.156138858387107,18.0672268907563,Estrogen_receptor_signaling,GO:0030520,FALSE
Tada3,Ccl21a-high,0.181745363506176,26.3157894736842,Estrogen_receptor_signaling,GO:0030520,FALSE
Tada3,TAC-TEC,0.167070062582624,34.4497607655502,Estrogen_receptor_signaling,GO:0030520,FALSE
Tada3,Aire-positive,0.129802916046794,24.3013365735115,Estrogen_receptor_signaling,GO:0030520,FALSE
Tada3,Late-Aire,0.127618377635132,20.1117318435754,Estrogen_receptor_signaling,GO:0030520,FALSE
Tada3,Tuft,0.283227662308423,36,Estrogen_receptor_signaling,GO:0030520,FALSE
Taf1,cTEC,0.0948044921278833,11.7647058823529,Androgen_receptor_signaling,GO:0030521,FALSE
Taf1,Ccl21a-high,0.0902410394504334,16.140350877193,Androgen_receptor_signaling,GO:0030521,FALSE
Taf1,TAC-TEC,0.0937109657954094,23.2057416267943,Androgen_receptor_signaling,GO:0030521,FALSE
Taf1,Aire-positive,0.0572985252936141,10.3280680437424,Androgen_receptor_signaling,GO:0030521,FALSE
Taf1,Late-Aire,0.0840721823261204,12.8491620111732,Androgen_receptor_signaling,GO:0030521,FALSE
Taf1,Tuft,0.180877486012666,21.3333333333333,Androgen_receptor_signaling,GO:0030521,FALSE
Taf7,cTEC,0.245835860447404,27.3109243697479,Estrogen_receptor_signaling,GO:0030520,FALSE
Taf7,Ccl21a-high,0.328785283590928,41.4035087719298,Estrogen_receptor_signaling,GO:0030520,FALSE
Taf7,TAC-TEC,0.214243374297251,42.1052631578947,Estrogen_receptor_signaling,GO:0030520,FALSE
Taf7,Aire-positive,0.275393966774458,42.4058323207776,Estrogen_receptor_signaling,GO:0030520,FALSE
Taf7,Late-Aire,0.369242554825429,43.7616387337058,Estrogen_receptor_signaling,GO:0030520,FALSE
Taf7,Tuft,0.24389308998694,29.3333333333333,Estrogen_receptor_signaling,GO:0030520,FALSE
Tcf7l2,cTEC,0.344227106851755,34.453781512605,Androgen_receptor_signaling,GO:0030521,FALSE
Tcf7l2,Ccl21a-high,0.194342388735073,28.7719298245614,Androgen_receptor_signaling,GO:0030521,FALSE
Tcf7l2,TAC-TEC,0.207728048784187,41.866028708134,Androgen_receptor_signaling,GO:0030521,FALSE
Tcf7l2,Aire-positive,0.16900206923825,26.2454434993925,Androgen_receptor_signaling,GO:0030521,FALSE
Tcf7l2,Late-Aire,0.408560018113476,44.3202979515829,Androgen_receptor_signaling,GO:0030521,FALSE
Tcf7l2,Tuft,0.0821244619643678,12,Androgen_receptor_signaling,GO:0030521,FALSE
Tmf1,cTEC,0.228400134780246,25.6302521008403,Androgen_receptor_signaling,GO:0030521,FALSE
Tmf1,Ccl21a-high,0.241899500567297,32.9824561403509,Androgen_receptor_signaling,GO:0030521,FALSE
Tmf1,TAC-TEC,0.286540033365822,50.7177033492823,Androgen_receptor_signaling,GO:0030521,FALSE
Tmf1,Aire-positive,0.249154977547099,36.0874848116646,Androgen_receptor_signaling,GO:0030521,FALSE
Tmf1,Late-Aire,0.269283258747218,34.8230912476723,Androgen_receptor_signaling,GO:0030521,FALSE
Tmf1,Tuft,0.208082575015114,28,Androgen_receptor_signaling,GO:0030521,FALSE
Trim68,cTEC,0.0451982442093023,5.88235294117647,Androgen_receptor_signaling,GO:0030521,FALSE
Trim68,Ccl21a-high,0.0500506695197242,8.42105263157895,Androgen_receptor_signaling,GO:0030521,FALSE
Trim68,TAC-TEC,0.0318529779625242,7.6555023923445,Androgen_receptor_signaling,GO:0030521,FALSE
Trim68,Aire-positive,0.0248030276309237,5.22478736330498,Androgen_receptor_signaling,GO:0030521,FALSE
Trim68,Late-Aire,0.0299659526134744,5.21415270018622,Androgen_receptor_signaling,GO:0030521,FALSE
Trim68,Tuft,0.0502033786758895,6.66666666666667,Androgen_receptor_signaling,GO:0030521,FALSE
Trip4,cTEC,0.0738923671358572,9.66386554621849,Estrogen_receptor_signaling,GO:0030520,FALSE
Trip4,Ccl21a-high,0.0881586265447057,15.0877192982456,Estrogen_receptor_signaling,GO:0030520,FALSE
Trip4,TAC-TEC,0.0855102677432312,20.5741626794258,Estrogen_receptor_signaling,GO:0030520,FALSE
Trip4,Aire-positive,0.0891848627061664,16.6464155528554,Estrogen_receptor_signaling,GO:0030520,FALSE
Trip4,Late-Aire,0.102532145292985,15.6424581005587,Estrogen_receptor_signaling,GO:0030520,FALSE
Trip4,Tuft,0.21610066836879,30.6666666666667,Estrogen_receptor_signaling,GO:0030520,FALSE
Trp63,cTEC,1.04311666125813,75.6302521008403,Estrogen_receptor_signaling,GO:0030520,FALSE
Trp63,Ccl21a-high,0.654290597186239,62.1052631578947,Estrogen_receptor_signaling,GO:0030520,FALSE
Trp63,TAC-TEC,0.155942109142753,27.7511961722488,Estrogen_receptor_signaling,GO:0030520,FALSE
Trp63,Aire-positive,0.0789180329091525,13.6087484811665,Estrogen_receptor_signaling,GO:0030520,FALSE
Trp63,Late-Aire,0.219802834472913,27.56052141527,Estrogen_receptor_signaling,GO:0030520,FALSE
Trp63,Tuft,0.0375984261600134,5.33333333333333,Estrogen_receptor_signaling,GO:0030520,FALSE
Uba5,cTEC,0.295748547466522,33.1932773109244,Estrogen_receptor_signaling,GO:0030520,FALSE
Uba5,Ccl21a-high,0.254066984839139,36.4912280701754,Estrogen_receptor_signaling,GO:0030520,FALSE
Uba5,TAC-TEC,0.205343962368966,40.4306220095694,Estrogen_receptor_signaling,GO:0030520,FALSE
Uba5,Aire-positive,0.193327831198726,32.3207776427704,Estrogen_receptor_signaling,GO:0030520,FALSE
Uba5,Late-Aire,0.158718218754245,24.0223463687151,Estrogen_receptor_signaling,GO:0030520,FALSE
Uba5,Tuft,0.182511384270596,24,Estrogen_receptor_signaling,GO:0030520,FALSE
Ube3a,cTEC,0.532814242633819,50.8403361344538,Androgen_receptor_signaling,GO:0030521,FALSE
Ube3a,Ccl21a-high,0.438690514414226,52.9824561403509,Androgen_receptor_signaling,GO:0030521,FALSE
Ube3a,TAC-TEC,0.504399010896738,71.5311004784689,Androgen_receptor_signaling,GO:0030521,FALSE
Ube3a,Aire-positive,0.46095927287853,61.3608748481166,Androgen_receptor_signaling,GO:0030521,FALSE
Ube3a,Late-Aire,0.403066755201787,50.4655493482309,Androgen_receptor_signaling,GO:0030521,FALSE
Ube3a,Tuft,0.462416463046601,53.3333333333333,Androgen_receptor_signaling,GO:0030521,FALSE
Ufl1,cTEC,0.151100348352838,17.2268907563025,Estrogen_receptor_signaling,GO:0030520,FALSE
Ufl1,Ccl21a-high,0.140372274928397,22.1052631578947,Estrogen_receptor_signaling,GO:0030520,FALSE
Ufl1,TAC-TEC,0.149218172709559,31.3397129186603,Estrogen_receptor_signaling,GO:0030520,FALSE
Ufl1,Aire-positive,0.10909858610182,20.2916160388821,Estrogen_receptor_signaling,GO:0030520,FALSE
Ufl1,Late-Aire,0.151619114894673,22.5325884543762,Estrogen_receptor_signaling,GO:0030520,FALSE
Ufl1,Tuft,0.164772983010598,22.6666666666667,Estrogen_receptor_signaling,GO:0030520,FALSE
Ufm1,cTEC,0.316748680619025,35.2941176470588,Estrogen_receptor_signaling,GO:0030520,FALSE
Ufm1,Ccl21a-high,0.358276978103503,47.3684210526316,Estrogen_receptor_signaling,GO:0030520,FALSE
Ufm1,TAC-TEC,0.528313137502447,73.444976076555,Estrogen_receptor_signaling,GO:0030520,FALSE
Ufm1,Aire-positive,0.540329578081357,65.4921020656136,Estrogen_receptor_signaling,GO:0030520,FALSE
Ufm1,Late-Aire,0.578633338287257,62.756052141527,Estrogen_receptor_signaling,GO:0030520,FALSE
Ufm1,Tuft,0.813603016718219,68,Estrogen_receptor_signaling,GO:0030520,FALSE
Ufsp2,cTEC,0.18067224661487,21.4285714285714,Estrogen_receptor_signaling,GO:0030520,FALSE
Ufsp2,Ccl21a-high,0.184005215729675,28.0701754385965,Estrogen_receptor_signaling,GO:0030520,FALSE
Ufsp2,TAC-TEC,0.25781924207235,49.5215311004785,Estrogen_receptor_signaling,GO:0030520,FALSE
Ufsp2,Aire-positive,0.211670927342719,34.8724179829891,Estrogen_receptor_signaling,GO:0030520,FALSE
Ufsp2,Late-Aire,0.155896468772488,23.8361266294227,Estrogen_receptor_signaling,GO:0030520,FALSE
Ufsp2,Tuft,0.222426620960534,28,Estrogen_receptor_signaling,GO:0030520,FALSE
Usp26,cTEC,0,0,Androgen_receptor_signaling,GO:0030521,FALSE
Usp26,Ccl21a-high,0,0,Androgen_receptor_signaling,GO:0030521,FALSE
Usp26,TAC-TEC,0,0,Androgen_receptor_signaling,GO:0030521,FALSE
Usp26,Aire-positive,0.00204511592659307,0.364520048602673,Androgen_receptor_signaling,GO:0030521,FALSE
Usp26,Late-Aire,0,0,Androgen_receptor_signaling,GO:0030521,FALSE
Usp26,Tuft,0,0,Androgen_receptor_signaling,GO:0030521,FALSE
Vps11,cTEC,0.156462759874546,18.0672268907563,Estrogen_receptor_signaling,GO:0030520,FALSE
Vps11,Ccl21a-high,0.110026651873516,16.8421052631579,Estrogen_receptor_signaling,GO:0030520,FALSE
Vps11,TAC-TEC,0.0600730801088466,15.5502392344498,Estrogen_receptor_signaling,GO:0030520,FALSE
Vps11,Aire-positive,0.0845475982519912,14.7023086269745,Estrogen_receptor_signaling,GO:0030520,FALSE
Vps11,Late-Aire,0.122908645029888,18.8081936685289,Estrogen_receptor_signaling,GO:0030520,FALSE
Vps11,Tuft,0.115221768944947,18.6666666666667,Estrogen_receptor_signaling,GO:0030520,FALSE
Vps18,cTEC,0.0433288551525968,5.46218487394958,Estrogen_receptor_signaling,GO:0030520,FALSE
Vps18,Ccl21a-high,0.0494468387440241,8.42105263157895,Estrogen_receptor_signaling,GO:0030520,FALSE
Vps18,TAC-TEC,0.0298969326208388,7.17703349282297,Estrogen_receptor_signaling,GO:0030520,FALSE
Vps18,Aire-positive,0.0472254563334572,9.11300121506683,Estrogen_receptor_signaling,GO:0030520,FALSE
Vps18,Late-Aire,0.0788983320631472,10.9869646182495,Estrogen_receptor_signaling,GO:0030520,FALSE
Vps18,Tuft,0.0672390240238559,8,Estrogen_receptor_signaling,GO:0030520,FALSE
Wbp2,cTEC,0.376637604650572,40.7563025210084,Estrogen_receptor_signaling,GO:0030520,FALSE
Wbp2,Ccl21a-high,0.327862807959087,45.2631578947368,Estrogen_receptor_signaling,GO:0030520,FALSE
Wbp2,TAC-TEC,0.449565924058088,68.1818181818182,Estrogen_receptor_signaling,GO:0030520,FALSE
Wbp2,Aire-positive,0.457344190491685,59.9027946537059,Estrogen_receptor_signaling,GO:0030520,FALSE
Wbp2,Late-Aire,0.621397378120975,65.3631284916201,Estrogen_receptor_signaling,GO:0030520,FALSE
Wbp2,Tuft,0.891536504644136,78.6666666666667,Estrogen_receptor_signaling,GO:0030520,FALSE
Zbtb7a,cTEC,0.53362854981292,50.8403361344538,Androgen_receptor_signaling,GO:0030521,FALSE
Zbtb7a,Ccl21a-high,0.509136378898604,54.7368421052632,Androgen_receptor_signaling,GO:0030521,FALSE
Zbtb7a,TAC-TEC,0.483720071701003,67.9425837320574,Androgen_receptor_signaling,GO:0030521,FALSE
Zbtb7a,Aire-positive,0.426931545811368,54.4349939246659,Androgen_receptor_signaling,GO:0030521,FALSE
Zbtb7a,Late-Aire,0.758775426092265,72.0670391061452,Androgen_receptor_signaling,GO:0030521,FALSE
Zbtb7a,Tuft,0.968976699487919,80,Androgen_receptor_signaling,GO:0030521,FALSE
Zdhhc7,cTEC,0.0877878100338919,11.3445378151261,Androgen_receptor_signaling,GO:0030521,FALSE
Zdhhc7,Ccl21a-high,0.1037382132766,17.5438596491228,Androgen_receptor_signaling,GO:0030521,FALSE
Zdhhc7,TAC-TEC,0.131797816793676,29.6650717703349,Androgen_receptor_signaling,GO:0030521,FALSE
Zdhhc7,Aire-positive,0.108971117684307,21.6281895504253,Androgen_receptor_signaling,GO:0030521,FALSE
Zdhhc7,Late-Aire,0.126771954140549,20.8566108007449,Androgen_receptor_signaling,GO:0030521,FALSE
Zdhhc7,Tuft,0.0837855987947211,12,Androgen_receptor_signaling,GO:0030521,FALSE
Zmiz1,cTEC,0.268016345971207,28.9915966386555,Androgen_receptor_signaling,GO:0030521,FALSE
Zmiz1,Ccl21a-high,0.176805710067871,27.0175438596491,Androgen_receptor_signaling,GO:0030521,FALSE
Zmiz1,TAC-TEC,0.0783862528197784,16.9856459330144,Androgen_receptor_signaling,GO:0030521,FALSE
Zmiz1,Aire-positive,0.106223143138059,17.0109356014581,Androgen_receptor_signaling,GO:0030521,FALSE
Zmiz1,Late-Aire,0.314846017693217,39.1061452513966,Androgen_receptor_signaling,GO:0030521,FALSE
Zmiz1,Tuft,0.36781876349071,46.6666666666667,Androgen_receptor_signaling,GO:0030521,FALSE
